time,title,body
2025-10-18,Apple Said to Cut iPhone Air Production Amid Underwhelming Sales,">!What a joke another failure like Vision pro , Home pod , Airpower you name it!<

  
"
2025-10-17,Apple Inks Formula 1 Rights Deal,
2025-10-16,Apple‚Äôs 14-inch MacBook Pro leaps forward with M5 chip and AI performance boost,"The new 14-inch MacBook Pro introduces Apple‚Äôs M5 chip, promising up to 3.5√ó faster AI performance compared to its predecessor and 1.6√ó better graphics. Each GPU core in M5 includes a Neural Accelerator, supporting on-device AI tasks, LLMs, and generative workflows. The laptop can achieve up to 24 hours of battery life, even during demanding tasks. Storage is faster too ‚Äî up to 2√ó the SSD speed over the prior model ‚Äî allowing for quicker loading of large AI models or media files. 

With features like a Liquid Retina XDR display, 12MP Center Stage camera, six-speaker system, and macOS Tahoe with built-in Apple Intelligence, Apple positions this as a powerful ‚ÄúAI-ready‚Äù pro laptop at the same starting price of $1,599."
2025-10-16,My AAPL directional trade setup for tomorrow-  10/16/2025,
2025-10-16,Apple Vision Pro M5 Heavier M5 Vision Pro weighs 150g more than M2 Vision Pro as heavy as a Macbook,Still $3500 +TAX for foolish fanboys
2025-10-15,Can Apple hit $5T before Cook hands over to Ternus?,"Seeing all these reports about John Ternus being positioned as the next CEO got me thinking about what comes next for Apple. Cook has done an incredible job taking the company from $347 billion to around $3.7 trillion, but we're still sitting at that gap between where we are now and the $5 trillion milestone. The timing feels crucial here, with leadership transition potentially happening in the next few years and Apple facing some real challenges in AI where they're clearly behind Google and Microsoft.

What's interesting is comparing the environments both CEOs operated in. Jobs had the advantage of creating entirely new product categories when competition was less intense, while Cook has had to navigate a much more regulated landscape with antitrust scrutiny and geopolitical tensions. The next CEO, whether it's Ternus or someone else, will need to figure out how to innovate beyond the iPhone while dealing with supply chain complexity and catching up in AI. I'm genuinely curious whether we'll hit that $5 trillion under Cook's watch or if it becomes the first major achievement for his successor."
2025-10-15,Apple Vision Pro upgraded with the powerful M5 chip and comfortable Dual Knit Band,
2025-10-15,"Apple unleashes M5, the next big leap in AI performance for Apple silicon",
2025-10-15,Would you sell AAPL now or hold,As the title says or hold for another year? Need to offload in the next year or so to buy a house - would you just bite the bullet now or hold for a while?
2025-10-14,Magnificent 7 YTD Performance!!,"https://preview.redd.it/ts5p7agio2vf1.jpg?width=2086&format=pjpg&auto=webp&s=ba872019af60f3f4006428ef1e0f798842534022

As of October 13, 2025, the ‚ÄúMagnificent 7‚Äù stocks have shown a wide range of year-to-date performance, reflecting differing momentum across the tech sector. Nvidia leads the group with a strong gain of 36.16%, followed by Alphabet at 28.33% and Microsoft at 22.18%. Meta Platforms has risen 19.43%, Tesla has gained 14.93%, Apple has seen a modest increase of 1.56%, while Amazon is slightly down by 0.07%

(Source: @googlefinance )



\#Magnificent7 #TechStocks #StockMarket2025 #Nvidia #Microsoft #Apple #Alphabet #MetaPlatforms #Tesla #Amazon #MarketPerformance #YTDPerformance #Investing #FinanceNews #StockWatch



The fund does not invest in the underlying stock. Investment in these funds is not an investment in the underlying stock. These ETFs involve significant risk and are a short-term trading vehicle. Please go through the risk information before investing. For important risk disclosures, learn more at [https://graniteshares.com/institutional/us/en-us/](https://graniteshares.com/institutional/us/en-us/)"
2025-10-14,My iPhone progression through the years. 14 year span üòä,
2025-10-14,Apple Inc. AAPL trading the last day and last 7 months. And last 5 years+,Looking for solid footing then proceeding to jump back in 
2025-10-14,Apple Inc. AAPL trading the last day and last 7 months. And last 5 years+,Looking for solid footing then proceeding to jump back in 
2025-10-13,"Trump says ""Highly respected President Xi just had a bad moment. He doesn‚Äôt want Depression for his country, and neither do I. The U.S.A. wants to help China, not hurt it!!!‚Äù",https://qz.com/trump-china-trade-tariffs-stocks
2025-10-13,My AAPL Trade setup for today - 10/13/25,
2025-10-11,Apple Inc AAPL trading today 10/10/25,
2025-10-10,Study proves Apple users  20 points below the lowest average national Iq score!,"A study was done by Wilma Tifkid college showing that on average 99.9% of apple product users were almost always 20 points below the lowest average national Iq score! The study showed they also tend to be pretentious spenders who didn't mind spending hundreds to thousands every year on the exact same product with a different lens on the camera and subtracted by one less button or plug in jack.

Sarcasm aside, most apple users always seem to be religiously prodigal, pretentious, close minded idiots with tunnel vision who refuse to get anything that isn't Appl

""We think you are going to love it""  
""Memojies""  
Wearing ear pod sticks 24/7  
Thick Watch that needs charged daily  
""Surprise and Delight""  
""Thats Fair""  
""Magical""  
Super high prices  
Cult of Mac  
Backing into all parking spaces

You get the picture."
2025-10-09,"Pre-Market trading AAPL Apple Inc October 9, 2025 5:11 am Pacific",
2025-10-09,iOS 26 Quickly Draining Your iPhone's Battery? Apple Says It's Normal,"Apple released¬†[iOS 26](https://www.cnet.com/tech/services-and-software/ios-26-review-a-new-look-ill-be-happy-with-for-the-next-12-years/#ftag=MSF491fea7)¬†on¬†[Sept. 15](https://www.cnet.com/tech/services-and-software/i-was-right-yet-again-ios-26-is-coming-monday-sept-15/#link=%7B%22role%22:%22standard%22,%22href%22:%22https://www.cnet.com/tech/services-and-software/i-was-right-yet-again-ios-26-is-coming-monday-sept-15/%22,%22target%22:%22%22,%22absolute%22:%22%22,%22linkText%22:%22Monday%22%7D), and the update brings a lot of new features to your¬†[iPhone](https://www.cnet.com/tech/mobile/best-iphone/#ftag=MSF491fea7), like¬†[call screening](https://www.cnet.com/tech/services-and-software/how-to-block-spam-calls-and-turn-on-call-screening-in-the-ios-26-beta/#ftag=MSF491fea7)¬†and a new¬†[Liquid Glass](https://www.cnet.com/tech/services-and-software/ios-26-is-now-available-heres-how-it-compares-to-ios-18/#ftag=MSF491fea7)¬†redesign. If you downloaded the update and noticed your device's battery is draining faster than usual, Apple wrote online that it's normal¬†

Cant make this crap up, AAPL is terrible"
2025-10-09,In Market News: Economic calendar: Fed chief Powell set to deliver remarks at banking conference,
2025-10-09,Apple AAPL  $257.5 long calls Oct 10 ‚Äò25,
2025-10-09,Apple Inc. AAPL trading overseas in Europe ‚Ç¨ 222.70,
2025-10-09,"Today‚Äôs trading Apple Inc AAPL Oct 8, 2025",
2025-10-09,"iPhone 17 Pro Max Phones Might Have a Speaker Issue, and We've Heard It","iPhone 17 Pro Max sounds ""crunchier"" than it did on¬†[iPhone 16 Pro Max](https://www.cnet.com/tech/mobile/apple-iphone-16-pro-and-pro-max-review-compelling-upgrade-with-my-favorite-iphone-feature-in-years/#ftag=MSF491fea7). Described as a static noise coming out of a speaker when the phone's volume is set to zero while plugged into a wired USB-C charger. Reports on forums agree. This sound is described as being like a walkie-talkie noise and isn't replicated when the phone isn't charging or when using MagSafe wireless charging.

Can't make this stuff up AAPL is terrible at quality control

[Some iPhone 17 Pro Max Phones Might Have a Speaker Issue, and We've Heard It](https://www.msn.com/en-us/news/technology/some-iphone-17-pro-max-phones-might-have-a-speaker-issue-and-weve-heard-it/ar-AA1O6qu3)"
2025-10-08,Latest data on AAPL,"https://preview.redd.it/fvkb3m9nswtf1.png?width=778&format=png&auto=webp&s=007583b7e4367bb63b848e2fb77e81b59cf4c84e

"
2025-10-08,"Apple Intelligence Fails on iPhone 17 Pro, Leaving Users With 6.59GB of Dead Weight They Can‚Äôt Delete to sell iCloud subs","A chunk of¬†[iPhone 17 owners](https://discussions.apple.com/thread/256143795?sortBy=rank)¬†are discovering that Apple Intelligence won‚Äôt even download, leaving the much-hyped Genmoji, writing tools, and Image Playground stuck behind a loading screen. The thing is, Apple made Apple Intelligence the selling point of its newest iPhone. So when buyers can‚Äôt even turn it on, the problem isn‚Äôt just technical, it‚Äôs existential. You can‚Äôt sell the ‚ÄúAI iPhone‚Äù and then ship people an iPhone without working AI.

Read more [https://www.gotechtor.com/iphone-17-pro-apple-intelligence-bug/](https://www.gotechtor.com/iphone-17-pro-apple-intelligence-bug/)"
2025-10-07,Ok.. would M4 chips ever be considered for AI farm purposes.....,So all I've been hearing is about the awesome energy performance of the M4 chips... are offerings from Nvidia and AMD just so far ahead that Apple couldn't get in the the AI Chip race?
2025-10-07,Will Apple stock holds it's high price?  How can it grow from here?,
2025-10-07,Apple Stock Could Skyrocket Past $300 | AAPL Stock Analysis,
2025-10-07,Apple left you exposed for 5 months  your data everyone's data,"https://preview.redd.it/my6dc0tp7ltf1.png?width=864&format=png&auto=webp&s=5aa9a82df2a7d4f47828f9d2812be64b222bc1ca

"
2025-10-07,"Built a tool for market research, real-time news, analyst ratings, price alerts, insights and more.",
2025-10-06,"I want to see ""The Savant""","I can understand why Apple chickened out on ICEblock because it involves what passes for ""law enforcement"" at this point in history.

I think it is horrible that they are censoring a work of fiction to curry favor with an authoritarian regime. ""The Savant"" is not a documentary, so there is no reason that Apple TV+ subscribers should be denied the content we have paid for. Put the show on now!

"
2025-10-05,Apple Inc AAPL Oct 10 ‚Äò25 - $260 & $265 call options,
2025-10-05,Apple Extends Partnership With Peanuts Until 2030,"Apple also **Bad**¬†**Bunny**¬†**will**¬†**headline**¬†**the**¬†**Super**¬†**Bowl**¬†**2026**¬†**halftime**¬†**show**¬†**on**¬†**February**¬†**8,**¬†**2026,**¬†**at**¬†**Levi's**¬†**Stadium**¬†**in**¬†**Santa**¬†**Clara,**¬†**California.**

**Apple**¬†**TV+**¬†**has**¬†**indefinitely**¬†**postponed**¬†**the**¬†**release**¬†**of**¬†**its**¬†**upcoming**¬†**thriller**¬†**series**¬†**""The**¬†**Savant,""**¬†**starring**¬†**Jessica**¬†**Chastain,**¬†**due**¬†**to**¬†**its**¬†**politically**¬†**sensitive**¬†**subject**¬†**matter.**

Now this is how AAPL makes it worse for everyone and only wants profits. In the case of Peanuts Apple is INTENTIONALLY restricting Peanuts form the world KIDS and ADULTS..it is forcing those that want to steam Peanuts to sign up for AAPLE CRAP TV

Inthe case of BAd Bunny they screwed up the SB show

In the Case of Savant they delay to hopeful have people NOT CANCEL Apple TV because of the White Supremacy theme that show entails and the Assassination relation

Apple is EVIL and ruins society< Apple has dumbed down rtwo generations as is easily seen . Memojies , emojis simplistic interfaces  Siri the list goes on and on . The world was harmed by Apple"
2025-10-04,"Jefferies downgrades Apple to sell, sees 20% drop from here because of foldables risk","Excessive expectations for iPhone upgrades and foldable demand drove Jefferies to cut its rating on Apple. Jefferies downgraded Apple ([NASDAQ:AAPL](https://finance.yahoo.com/quote/AAPL)) to Underperform from Hold and trimmed its price target to $205.16 from $205.82.

AAPL: No innovation, copy cat, no joy , no wow ,  no magical, no surprise and delight, no clever and nothing just a bummer stock with no ""thats fair""

you are welcome for the heads up.  
2007 was so damn long ago

AAPL failed to succeed in iPhone successor, been 20 damn years no pivot just a bummer stock"
2025-10-03,$AAPL showing us once again we can buy quality names off the 200-week SMA and be happy.,
2025-10-03,https://9to5mac.com/2025/10/02/iphone-17-pro-and-iphone-17-sales-are-stronger-than-expected-report/,
2025-10-03,"Today‚Äôs Trading Apple Inc AAPL OCT 2, 2025",
2025-10-03,"If you have Apple stock, do you plan to hold forever as an investment or could something make you sell?",Delete if not allowed plz! I am very inexperienced in the market but work with a FP and i‚Äôm truly just curious what others are doing with their shares 
2025-10-03,The next great AAPL failure 2026 Smart Glasses,"THE VISION PRO IS DEAD!

The next great calamity is  2026 iGlass Smart Glasses

Apple playing catch up again with some overpriced and ugly piece of crap that \*Requires you to purchase"" an iPhone

They think you are all mindless morons"
2025-10-02,AAPL destroyed shareholder value,"Apple‚Äôs failure to raise iPhone prices to match inflation has cost shareholders 13% in potential revenue. Developing an AI ‚Äúkiller app‚Äù has been a point of weakness for Apple shares this year, as they have lagged behind their ‚ÄúMagnificent Seven‚Äù peers.

Apple goes without introducing a truly innovative feature, the more inflation will eat into its real revenue.  Read more about AAPL fails   [Apple destroyed shareholder value with this move. It‚Äôs been a hidden drag on the stock. - MarketWatch](https://www.marketwatch.com/story/apple-destroyed-shareholder-value-with-this-move-its-been-a-hidden-drag-on-the-stock-5ae4b62a)"
2025-10-01,iPhone sales now soft in US market and iPhone Air is unwanted less than %5 chosen,This has to be the lowest quality launch ever. Writing is on the wall the old iPhone recipe is over. Time to sell AAPL
2025-09-30,Apple Inc AAPL First 30 minutes of trading 9/30/25 7:00am Pacific,
2025-09-29,Today's data for AAPL,"https://preview.redd.it/vv2vye3zb4sf1.png?width=916&format=png&auto=webp&s=26dc2f1abe558725a56557ebb7accc55f7a696e5

"
2025-09-29,"üìä Factor Breakdown: Apple (AAPL) ‚Äì High Quality, Expensive, Solid Momentum","Here‚Äôs a factor-based look at Apple using data from ProFactorInvest (Data as of 29.09.2025; [More Information](https://profactorinvestor.substack.com/)):

[Source: ProFactorInvest Dashboard](https://preview.redd.it/vcxaypfpj3sf1.png?width=914&format=png&auto=webp&s=4e4447f6e419c3f915741f65444be8e022cb8e3c)

* **üìâ Valuation:** Apple trades at a premium. Earnings yield is **2.6%**, earnings-to-price **3.8%**, book-to-price **1.7%**, revenue-to-price **10.7%**, and cash flow-to-price **2.9%** ‚Äî all indicating limited value and a rich valuation.
* **üìà Growth:** Revenue grew **7.2%**, earnings **2.1%**, and projected earnings growth is **9.3%**. Growth remains positive but shows the company‚Äôs maturing business profile.
* **üí∞ Profitability:** Apple‚Äôs strength. Return on equity is **154.9%**, return on assets **29.9%**, net profit margin **24.3%**, and ROIC **47.6%**, all world-class figures.
* **‚öñÔ∏è Debt Structure:** Balance sheet is strong. Debt-to-market cap is **2.7%**, debt-to-equity **154.5%**, and debt-to-assets **30.7%**, all manageable levels.
* **üìä Momentum:** Momentum is stable and positive, with strong short-term performance (**3M: +24.5%**) and solid medium- and long-term trends (**6M: +17.2%**, **12M: +12.9%**).
* **üß± Stability:** Revenue volatility (**12.8%**) and earnings volatility (**4.5%**) indicate stable cash flows.
* **üí∏ Dividend:** Yield is modest at **0.4%** (5Y avg. **0.5%**), but a **15.5%** payout ratio leaves room for future increases.
* **üß† Analyst Sentiment:** Analysts are neutral (**Rating: 2.0**) with price potential at **-4.8%**.

‚úÖ **Conclusion:** Apple remains a *profitability powerhouse* with stable fundamentals and positive momentum. However, its expensive valuation and moderate growth suggest that **future returns could be steady but not spectacular**. Major upside would likely require a new growth catalyst beyond its current product cycle."
2025-09-28,Apple says its iPhone 17 Pro finish is actually great as it tries to explain all those scratches,"* The iPhone 17 Pro is prone to scratching around its camera bump.
* JerryRigEverything‚Äôs Zack Nelson says the problem is caused by thin anodization over sharp edges.
* **Apple maintains its anodization process exceeds industry standards.**

Camera plateau has sharp edges guess they cheaped out

Fix apply clear finger nail polish to entire iPhone at least twice a week"
2025-09-28,AAPL $96k options play ‚Ä¶ for Monday Morning.,
2025-09-27,EU Has 'No Intention' to Repeal DMA Following Apple Challenge,"The European Commission has no plans to scrap the Digital Markets Act¬†[despite Apple's complaints](https://www.macrumors.com/2025/09/25/apple-challenges-eu-digital-markets-act/)¬†that the law causes a worse experience for European¬†[iPhone](https://www.macrumors.com/guide/iphone/)¬†owners. The Digital Markets Act (DMA) is an EU law that regulates how tech companies like Apple operate. It includes rules meant to prevent companies from unfairly favoring their own services, blocking competitors, and limiting user choice.

Read more ...[EU Has 'No Intention' to Repeal DMA Following Apple Challenge - MacRumors](https://www.macrumors.com/2025/09/25/eu-dma-apple-challenge-response/)

Apple statement LMAO cry AAPL cry....I*t‚Äôs been more than a year since the Digital Markets Act was implemented. Over that time, it‚Äôs become clear that the DMA is leading to a worse experience for Apple users in the EU. It‚Äôs exposing them to new risks, and disrupting the simple, seamless way their Apple products work together. And as new technologies come out, our European users‚Äô Apple products will only fall further behind.*

So the Monopolist wants a Monopoly back in place  what a joke"
2025-09-26,Stock predictions,Any guess on the stock price in 1 year vs 5 years? I know no one has a crystal ball‚Ä¶
2025-09-26,AAPL Apple Inc. presenting yet another buying opportunity!! On tariff news. 9/26/25,"Thanks for the buying opportunity and the dip Mr‚Ä¶President Donald Trump's proposed tariffs on imported semiconductors, with a threat of up to 300% on companies not manufacturing in the U.S.. The tariffs were intended to reduce U.S. dependence on foreign chip manufacturing by requiring companies to establish a one-to-one balance between domestic and imported chips or face the substantial import tax‚Ä¶"
2025-09-26,-1% premarket? Any negative news?,
2025-09-25,Apple Blames MagSafe Chargers for iPhone 17 Pro Display Model Scratches,"So AAPL blames is crappy aluminum paint on one of its most hyped feature.  LMAO

[Apple Blames In-Store MagSafe Chargers for iPhone 17 Pro Display Model Scratches - MacRumors](https://www.macrumors.com/2025/09/24/apple-iphone-17-pro-scratches-magsafe-chargers/)"
2025-09-25,üéØ Prediction perfectly hit!,
2025-09-25,Intel Is Seeking an Investment From Apple as Part of Its Comeback Bid,"Not liking this one bit. AAPL says no and then what?? They get Kimmeled? 

Financially it‚Äôs not a sound investment to make given investments in their fabrication chain. 

In the free market AAPL would the bull horning the matador here. Tim better whip out those apples on this deal. F*dge!"
2025-09-25,Apple 5th Ave Store packed 5 days after iPhone 17 Launch with orders pickup lines up to 1.5 hours long.,"Picked up my iPhone 17 pro max in Cosmic Orange at the Apple flagship store on 5th Ave. 
pickup up time slot was 445pm-500pm. Did not leave the store until 610pm. 

Apple Store strategically allocate iPhone 17 pro models toward one or two stores each day since Launch. 
Yesterday the Brooklyn Williamsburg Store had pro models and today at 5th Ave. 

For delivery, pro models are now into mid to late October. 

I hope as shareholder there will be no production or trade issues into the new year. 

ü§û"
2025-09-24,I said the breakout was going to be at $260.. looks like we landed on $255/6... not to bad....,So I'm hoping to eek out a few more $$$$$$ maybe 260-265 in the next week or two... but I think we're stuck here with national news driving the price for the next X months till another announcement.
2025-09-24,Just upgraded to an iPhone 17 Pro üòä,
2025-09-24,iPhone 17 reportedly dropping calls and suffering from cellular connectivity issues and IPhones  #Scatchgate,"[Forget Scratchgate ‚Äî iPhone 17 reportedly dropping calls and suffering from cellular connectivity issues | Tom's Guide](https://www.tomsguide.com/phones/iphones/forget-scratchgate-iphone-17-reportedly-dropping-calls-and-suffering-from-cellular-connectivity-issues)

Tom's Guide senior phones channel editor¬†[John Velasco reported](https://www.tomsguide.com/phones/iphones/iphone-17-scratchgate-ive-had-my-iphone-17-pro-for-over-a-week-and-its-already-scuffed)¬†that he's had his iPhone 17 in cosmic orange for just over a week and is already seeing scuff marks.

Seems like the C1 is hot garbage

14-day return window still open"
2025-09-23,$AAPL showing up just when you thought the tech trade was running out of steam.,
2025-09-23,AI economy,"with millions on the verge of being replaced by ai, the middle class will be erased. premium good companies like Apple will lose a lot of customers who no longer will be able to afford.

  
im a big Apple fan btw "
2025-09-22,Predictions on Apple Stock,"What are your predictions on how much the apple stock per share will cost? 
I reckon it will reach 280 easily within the first 3 months and then it'll settle down.
"
2025-09-22,"Weekly Predictions: AMD & AAPL Both Bullish (Sep 22‚Äì26, 2025)",
2025-09-22,Switch from Titanium to Aluminium pumps up Margins!,"Material change: iPhone 17 Pro uses an aluminum 7000-series unibody, whereas the iPhone 16 Pro used a titanium frame.

Cost difference:
	‚Ä¢	Titanium is 2‚Äì3√ó more expensive per kilogram than aluminum and harder to machine.

	‚Ä¢	Estimated cost per device: ~$20‚Äì24 for titanium vs. ~$11‚Äì13 for aluminum.

	‚Ä¢	This means savings of ~‚Ç¨9‚Äì11 per unit.
	‚Ä¢	Total savings: For ~50 million units, Apple could save $500‚Äì700 million in materials and processing.

Expect great earnings beat!"
2025-09-22,Apple reveals 2026 iPhone Air foldable design features,"Apple‚Äôs upcoming iPhone Air will be its first foldable, featuring a dual-screen OLED design that opens like a book, lightweight aluminum and ultra-thin glass for durability, and a hinge system engineered for smooth folding. Expected features include split-screen multitasking, enhanced camera systems, and faster wireless charging, all supported by a foldable-optimized iOS experience. 

With pricing estimates between $1,200 and $1,500, the iPhone Air is positioned firmly in the premium tier. Analysts say its launch could redefine consumer expectations, push foldables toward mainstream adoption, and challenge rivals like Samsung and Huawei in the global smartphone race."
2025-09-22,I think AAPL (one week chart) is trending in a certain direction. Can it keep going? Thoughts‚Ä¶,
2025-09-19,Apple Store 5th AVE more packed than last year on new iPhones launch day,"Went to the New York flagship store as I have every iPhone first delivery day since the X. Got there at 9:05 am and the lines for orders/pickup and overflow were much longer than in 2024. 

Tim Cook had already left the store I was told. 

After 45 minutes in line, we were told that all iPhone 17 pro max were sold out except for blue 512GB. Same for the 17 pro where only blue was available. Also, rep told us all New York area stores have sold out of the Pro Max as well. 
So don‚Äôt bother driving into NYC for pro max iPhones. 

$AAPL 241"
2025-09-17,AAPL forms golden cross; likely to rise?,"Assuming historical patterns persist, the probability of Apple‚Äôs stock rising within three months after a golden cross is approximately 64%.

Today, Apple (AAPL) successfully formed the technical pattern known as a golden cross, where the 50-day moving average crosses above the 200-day moving average. Historically, a golden cross is often considered a potential signal for an upward trend.

Many other stocks like NVDA, TURB, BGM, PLTR, CRCL are interesting to get watched as well."
2025-09-16,iPhone 17 preorders fuel Apple stock gains despite China hiccup,"Apple shares ticked up to $236.70 after analysts flagged stronger-than-expected demand for the iPhone 17 lineup. Wedbush estimates preorders are running 5‚Äì10% ahead of last year, with around 20% of Apple‚Äôs 1.5B users overdue for an upgrade. 

Demand is skewing toward the Pro and Pro Max models, where shipping times have stretched to 18‚Äì25 days ‚Äî longer than last year‚Äôs cycle. While the A19 chip brings a 20% speed boost, the phones notably lack AI features, and the China launch of the iPhone Air is delayed pending eSIM licensing. 

Analyst targets diverge, with Wedbush, BofA, and JPMorgan clustered around $255‚Äì$270, while Jefferies remains cautious at $205."
2025-09-14,$AAPL about to fire a golden cross into iPhone season? Now that is interesting.,
2025-09-12,Iphone 17 Air camera is just digital zoom and nothing more,"48MP Fusion: unified module with 2x telephoto via **sensor cropping.** this means NO optical enhancement just ""apple Intelligence"" garbage.

Buyers beware they are selling you a garbage cam"
2025-09-11,"Apple shares fell after the iPhone 17 launch, but Melius analyst Ben Reitzes sees upside to $290, citing stronger revenues from higher-end models like the new iPhone Air ($999) and price hikes on the Pro line.","He expects a robust upgrade cycle, especially in China, and sees potential in future innovations such as foldables, glasses, and AI-driven wearables.

Reitzes also highlighted AirPods Pro 3‚Äôs translation feature as a key boost to the wearables segment, and noted that Apple‚Äôs services revenue could rise thanks to Google‚Äôs renewed revenue-sharing deal after an antitrust ruling. Despite short-term weakness, Apple may be set for a rally.

stocks to keep an eye on: ORCL, AVGO, LULU, BGM, BABA."
2025-09-10,Is AAPL Entering the Golden Era?,
2025-09-10,I'm surprised  the stock didn't go up at least 5% after today's announcement,"Was it because they were expecting a foldable iPhone and all they got was iPhone Air?

Is iPhone Air priced-in already? I ain't no expert, but having a sleek thin iPhone is a big fashion statement and the whole world will want to upgrade, if they didn't upgrade to the 17 last year.

Last but not least, what do we want the iPhone to accomplish via AI, when we way Apple is behind AI? I have Grok in my Tesla, it doesn't do anything to my car, it's just a cool AI companion to talk to.

Alexa has gotten smarter, but with every new update something breaks, so I have turned off Alexa+.

Gemini, ChatGPT are of course adding value to our daily lives, I just don't see what substantial value can they add to our iPhone usage.

I do agree that Siri is dumb and needs to become smarter. I just don't see how it can make my iPhone smarter. I am making 5% on my Apple holding and it's 10% of my individual stock portfolio. It's my smallest money-maker, but I am gonna hold it, because I know it has no way to go but up.

What do you, Apple stockholders think about the short term and long term future of this stock?"
2025-09-08,A podcast on what to expect past tomorrow's announcements,
2025-09-05,$AAPL with the same story yet again. Moral of the story: buy when it lags the market.,
2025-09-04,Shout out to the retards at MoffettNathanson who had a $139 price target,
2025-09-04,#AAPL is pushing higher again üìà,"After a long time, it looks ready to retest the $243 level.  Will Apple finally break this level? 

What do you think?"
2025-09-03,Apple Inc AAPL trading early this morning Sept. 3rd 2025,
2025-08-28,"What do you think about AAPL Index Perpetual Futures on Bitget, a crypto exchange?",
2025-08-28,Apple sets Sept. 9 ‚Äúawe dropping‚Äù event; iPhone 17 to lead lineup,"Apple confirmed its fall product launch for Sept. 9 at 10 a.m. PT, with the iPhone 17 series set to take center stage ‚Äî including a rumored super-thin ‚ÄúiPhone Air.‚Äù 

If tradition holds, preorders will open Sept. 12 and in-store sales will begin Sept. 19. Analysts also expect updates to Apple Watch and AirPods, alongside iterative improvements to processors, cameras, and displays on the new iPhone models. The announcement follows recent launches from Samsung and Google, both pushing foldable big-screen phones, while Apple is rumored to be preparing its own folding iPhone for late next year. 

On the news, AAPL rose 1% to close at 229.31, though BofA cautioned the reveal could become a classic ‚Äúsell-the-news‚Äù event as shares remain in a 35-week consolidation with a buy point at 260.10."
2025-08-28,Google antitrust lawsuit could result in 15% revenue hit to aapl,"Yall concerned? I have over a 1k apple and google shares each and I‚Äôm less concerned for google and more for apple as that‚Äôs a direct $20b/year loss. 

Goog would be default search anyways. Not sure why they even pay for this but aapl will probably suffer. 

Thoughts? Moves or rolling with this too? "
2025-08-27,Apple Financial Updates And News On $490M Investor Settlement,"Hey guys, I already mentioned this case before, but since there‚Äôs fresh news, I wanted to share again.

Back in 2018, Apple ($AAPL) was riding high and telling investors that China wasn‚Äôt a problem for iPhone sales. Tim Cook even said they were feeling pressure in places like Brazil, India, Russia, and Turkey ‚Äî but not China. Then suddenly, just two months later, Apple shocked everyone by slashing its revenue forecast by $9 billion, blaming weak demand in China.

That revelation crushed $AAPL stock by about 10% in a single day. Investors then filed a lawsuit, claiming Apple misled them about how badly iPhone sales in China were hit by the trade war, cheaper battery swaps, and local competition.

Now here‚Äôs the update ‚Äî Apple has agreed to settle for $490 million with investors to resolve those claims. The class period runs from November 2, 2018 to January 2, 2019.

So if you held Apple during that stretch, you could [qualify for part of the payout](https://11th.com/cases/apple-investor-settlement).

Any $AAPL holders here who remember that brutal 10% drop back in January 2019?"
2025-08-27,Polestar PSNY,Anyone hear of any connection with Apple or MSFT?  
2025-08-27,IBIT Quant Signals STOCKS V2 2025-08-24,
2025-08-27,Looks like apple is releasing a FLIR camera on September 9th... Nailed It!,"https://preview.redd.it/gp18g5tjnflf1.png?width=1472&format=png&auto=webp&s=00c6c9a9f53018980e5cadd23852d424362d79b9

"
2025-08-27,I like the company,"TL;DR - Apple‚Äôs been left out of the AI hype, but the next 3‚Äì6 months are lining up: iPhone 17 cycle + Services price hikes + aligning AI strategy to existing product roadmap

**iPhone 17 ?? ==>** Apple Intelligence bundled straight into iPhone 17 is the upgrade driver. Supply chain checks already pointing to solid demand, which IMO could be the the start of the next cycle.

**Services price hike is a nice bump** ==> Over 1B subs, Record revenue, And now quietly raising prices across Apple One / TV+ / Music which is boosting ARPU without spiking churn. That‚Äôs recurring cash flow and margin expansion in one move, I also like.

**AI Re-Rate Incoming** ==> Yeah, the market ignored Apple‚Äôs AI story at first, but thats really been the case for every major product annoucement at apple. As Apple Intelligence actually ships with the new iphone + the iphone 16 and gets real traction, sentiment will shift fast, like will litterly take one release to change this whole lame narrative.

**3‚Äì6 Month View**: Stock‚Äôs been (somewhat) snoozing while the big names ran to unsustainable levels. Going into q4, we've got hardware + services + narrative all working together.

**Also as a side note, this is really just how I view it. I'm a long term holder and don't care if you agree or disagree, especially the apple haters on here who for whatever reason love to bash even though they don't know the 1st thing their talking about.** A.k.a I don't want to hear your AI interpretation of whats going on.

Position:

[- The Action IS the Juice](https://preview.redd.it/lm3ghzb3hflf1.png?width=2360&format=png&auto=webp&s=c891674c50b5362abe5b1f9f079783d84a435e66)"
2025-08-26,Some Technicals about aapl.,"https://preview.redd.it/74357moqt9lf1.png?width=2744&format=png&auto=webp&s=e22e45b6df7ea8f5722eee0b4321fbbebae8db1b

https://preview.redd.it/zobbi35st9lf1.png?width=1314&format=png&auto=webp&s=f9d4e4a736c027b30c71b246d51229bed46020de

https://preview.redd.it/nzhn03stt9lf1.png?width=1352&format=png&auto=webp&s=55f884f22fcad966dba69bc94e64326ca6b8b782

https://preview.redd.it/6ejb1ku0u9lf1.png?width=1274&format=png&auto=webp&s=345300f750bda96d1a252852eb44975eeea7ba69

"
2025-08-26,"AAPL is down today as Elon Musk's xAI files a lawsuit against the company and OpenAI, alleging anticompetitive practices","AAPL is experiencing downward pressure following a lawsuit filed by xAI, led by Elon Musk, against both the company and OpenAI. The suit alleges anticompetitive practices related to their collaboration, which has raised concerns among investors about potential regulatory scrutiny and market dynamics. This legal challenge comes at a time when the tech sector is already facing volatility, and it has led to increased speculation about the implications for AAPL's market position and future growth. Additionally, analysts are closely monitoring the upcoming iPhone 17 launch, which could further influence stock performance amid these developments."
2025-08-24,$AAPL has been a killer mean reversion trade when it starts to underperform the market.,
2025-08-23,AAPL is rising as reports indicate the company is in talks to use Google's Gemini AI for a major Siri revamp,"AAPL has seen a notable uptick recently, driven by reports suggesting the company is exploring a partnership with Google to leverage its Gemini AI technology for a significant overhaul of its Siri voice assistant. This potential collaboration could enhance Siri's capabilities, allowing Apple to better compete in the AI space, particularly against rivals like Amazon and Microsoft. The news has generated positive sentiment among investors, reflecting optimism about the company's future innovations and market positioning."
2025-08-22,Apple raises TV+ price to $12.99/month as streaming losses mount,"Apple TV+ is raising its monthly price to $12.99, the third hike since the service launched in 2019 at $4.99. The annual subscription will remain $99, offering better value for committed users. 

Analysts estimate Apple TV+ ended 2024 with around 40M subscribers ‚Äî well below Netflix‚Äôs 300M and Disney‚Äôs 228M ‚Äî despite heavy investment in originals like *Severance*, *Ted Lasso*, and *The Morning Show*. Reports say the service still loses more than $1B a year, even after spending over $5B annually on content, though Apple trimmed that by $500M in 2024. 

The latest price move shows Apple leaning on pricing power to narrow losses while testing subscriber loyalty in a crowded streaming market."
2025-08-22,Meta poaches one more https://www.bloomberg.com/news/articles/2025-08-22/meta-poaches-apple-ai-executive-frank-chu-even-as-it-plans-hiring-slowdown,
2025-08-19,Minor News,"""As a result, the UK has agreed to drop its mandate for Apple to provide a ""back door"" that would have enabled access to the protected encrypted data of American citizens and encroached on our civil liberties.""

  
good for privacy..."
2025-08-18,How high can Apple go by 2026?,"Analyst and model forecasts for Apple range widely, from $218 on the low end to as high as $411 by 2026. 

Bulls expect upside from the iPhone 17 cycle, continued Services momentum, and potential new revenue streams in AI and wearables. Bears point to risks such as global regulatory scrutiny, Chinese competition, and the possibility that Apple‚Äôs rich valuation multiples compress if earnings growth doesn‚Äôt accelerate. 

Some models anticipate 60‚Äì80% upside in bullish scenarios, while more cautious views highlight the company‚Äôs lag behind Microsoft, Google, and Meta in generative AI adoption as a long-term concern."
2025-08-18,"The iPhone has pretty much looked the same since 2017 ‚Äî a rectangular piece of glass with a touchscreen on the front, and a few cameras on the back.","These days, the company offers a series of four slates ranging from $829 to $1,599. Samsung and others are starting to go beyond the so-called candy bar shape and experimenting with new form factors.  
  
Apple is expected to start doing the same ‚Äî beginning with a potential launch next month of a slimmer iPhone that will compete with Samsung‚Äôs Galaxy Edge.  
  
‚ÄúApple is clearly betting that its 5.5mm Air model is going to lift its fortunes as testing suggests a strong desire for the new form factor,‚Äù wrote Loop Capital managing director John Donovan in May.  
  
JPMorgan Chase analyst Samik Chatterjee wrote in a report last month that Apple may release a folding phone next year to compete with Samsung‚Äôs Z Fold.

My recent watchlist: PLTR, KSCP, MYO, MAAS, KITT"
2025-08-17,My working 2002 iPod 20 GB in 2025,
2025-08-16,¬øPorque me gusta AAPL como acci√≥n a largo plazo?,"Uno de los principales motivos por los que me siento atra√≠do a invertir en acciones de Apple es su capacidad para mantener un crecimiento lento pero constante a lo largo de los a√±os. A diferencia de otras acciones m√°s vol√°tiles, sus ca√≠das tienden a ser m√°s moderadas, lo que ofrece una cierta estabilidad en el portafolio. Adem√°s, Apple ha demostrado tener per√≠odos de crecimiento sostenido, lo que la convierte en una opci√≥n atractiva a largo plazo.

A continuaci√≥n, enumero otros motivos que refuerzan mi decisi√≥n de invertir en Apple esta en la empresa como innovador, ante un ecosistema integrado, con una s√≥lida salud financiera, diversificaci√≥n de productos, con un mercado a√∫n en expansi√≥n internacional, y con procesos de adaptaci√≥n a tendencias tecnol√≥gicas."
2025-08-15,What are your thoughts on AAPL in September?,Anyone?
2025-08-14,AAPL starting to stack W‚Äôs,
2025-08-14,"For all of you who Poo-Poo""ed"" me when I posted if I were CEO I'd get into ""home security""","For Context:::::  
[https://www.reddit.com/r/AAPL/comments/1mgui58/comment/n6w7am2/?context=3](https://www.reddit.com/r/AAPL/comments/1mgui58/comment/n6w7am2/?context=3)  
"
2025-08-13,Aapl HODL gang,
2025-08-13,Thoughts on recent BoA rating?,"I‚Äôve been watching the positioning in AAPL since this dropped. My suspicion is BoA prop desk accumulating discount shares below $230 selling to open positions. 

I‚Äôm curious how many are bullish above $250? 

I think there‚Äôs an easy 20% over the next few years for the investors but looking to accumulate more below $220. "
2025-08-12,Trump just handed Apple a huge fiscal Q4 gift,
2025-08-11,AAPL short term vs Total Market,"As a long time AAPL investor, our performance to the to broad market index has been pretty disappointing over the last 5 years (especially the 1 year).  Obviously, zoom out and we crush the index...but interesting nonetheless. 

https://preview.redd.it/whodbau3qeif1.png?width=1169&format=png&auto=webp&s=8a3a89498e93d6b9408bda68ea6cdb31d79632a7

https://preview.redd.it/mnwu43o4qeif1.png?width=1160&format=png&auto=webp&s=68eab435d7f400cbeda3964f578ba3d2d5ff5f42

"
2025-08-11,$AMD and $NVDA agree to pay 15% of China chip sales to the US govt in exchange for export licenses.,"The bad: This feels like pseudo state capitalism. Something that¬†**China**¬†does, not the United States of America. Requiring a publicly listed company to share¬†**revenue**¬†from¬†**sales**¬†with the state is a slippery slope. What's next, State owned enterprises?

The good: This does provide more certainty to investors and chipmakers worrying about export bans. The price and terms are set and now chip makers can access China and predict revenues more consistently. 85% revenue from china sales is better than 0%

From a 10,000 foot view, this is more of a good thing than a bad thing. It allows US chipmakers to export AI infra and dictate terms. The alternative would be no sales to China, potentially opening the door for China to get a leg up in the AI race and exporting their AI infra to the world.

Relative stocks: $NVDA $AMD $INTC $MRVL $NBIS $BGM"
2025-08-09,Cook just dodged a $100B tariff bullet - thoughts on AAPL's next move?,"Honestly, I didn't expect Cook to pull this off so smoothly. AAPL jumped 5%+ after announcing their American Manufacturing Program while I watched other chipmakers get absolutely wrecked by Trump's 100% semiconductor tariff threat. What impresses me most is how they're not just blindly reshoring everything - they're keeping the expensive fab work in the US but still outsourcing assembly to stay competitive. Meanwhile companies like Renesas are bleeding because they bet everything on staying overseas.

https://preview.redd.it/6f9cugs0uzhf1.png?width=1812&format=png&auto=webp&s=b57eec79da79102997903d45deae3a4335745165

I've been tracking this trend on tiger and other platforms, and the market is clearly rewarding any company with a US manufacturing story right now. My take? This isn't just about dodging tariffs - Cook essentially just reset the entire semiconductor supply chain playbook. Every other chipmaker is now scrambling to announce their own US plans or risk getting left behind. The crazy part is Apple gets to claim ""Made in America"" while still keeping costs reasonable through their hybrid approach. Wonder if this forces other FAANG companies to follow suit with their own manufacturing strategies."
2025-08-09,Options that are expiring next week,I bought the $222.5 option that is expiring next week with a break even of 230.55. Do you guys think that it‚Äôs gonna be worth more than $231 because this is a very high risk because I‚Äôm worried it might fall after the earnings. Let me know what you guys think because this is a short term option.
2025-08-08,$AAPL preparing for its revenge arc?,
2025-08-08,need predictions 8/8/25,"https://preview.redd.it/9j8ibw0bprhf1.png?width=2122&format=png&auto=webp&s=f1596b86aa9398d124b5d0ee6a832bae571cbebd

Will this get filled and if so whatre the chances i cash?"
2025-08-08,AAPL Thesis = Confirmed,"You all know how bullish I‚Äôve been on Apple even when sentiment was weak, but now that earnings are out, the thesis I posted weeks ago is playing out exactly as expected. The post-earnings action just confirmed everything. Position still intact and as confident as ever, **HA suck it H8ters**

**TL;DR:** Apple‚Äôs recent underperformance was driven by market-wide AI hype elsewhere, but the fundamentals never wavered. With a record breaking Services quarter, continued execution on privacy-first AI, and a long term supply chain strategy gaining momentum, Apple‚Äôs setup has only improved.

**Services = Still ‚õΩÔ∏è**: Apple‚Äôs Services segment once again proved it‚Äôs the most stable part of the business. With $23.9B in Q3 revenue (a new all-time high) and over one billion paid subscriptions, this high-margin, recurring-revenue engine continues to scale. As other companies chase AI monetization stories, Apple is quietly turning its install base into predictable cash flow. This is the foundation of the long-term thesis ‚Äî and it‚Äôs working.

**AI Lag Was the Setup**: While names like Microsoft, Meta, and Google rallied off AI driven beats, Apple was left out of the party. That created the opportunity. Apple Intelligence may not have wowed traders on announcement day, but it‚Äôs fully integrated, privacy-first, and designed to drive upgrades, not just headlines. 

**Supply Chain Diversification**: The post earnings macro boost wasn‚Äôt just about the top line. Apple committed another $100B to U.S. manufacturing, bringing total domestic investment to $600B. This comes alongside its ongoing shift to India and Vietnam (all part of the same strategic move to derisk from China and reduce tariff exposure). That long term planning is being rewarded now, as the company positions itself to navigate policy and geopolitics better than most.

**Earnings Beat = Thesis Confirmed**: Apple posted $94B in revenue and $1.57 in EPS, beating expectations across the board. iPhone revenue grew 13.5% YoY, Services hit a record, and the company saw a solid stock reaction with follow-through in the days after. The stock‚Äôs underperformance wasn‚Äôt about the business it was about narratives. This quarter flipped the script.

[- The Action IS the Juice](https://preview.redd.it/dmywofzxbphf1.png?width=2196&format=png&auto=webp&s=70fde25d16c85b0ee6dfb2ac0a76ac22344cf297)

"
2025-08-08,Hold till next week or sell tomorrow?,
2025-08-08,Why not grab the new manufacturing market?,"Why not? As unlikely as it seems to be, that‚Äôs what USA is now, call it what it is, a blank slate market for AI-level manufacturing, and AAPL has bought it up. Infinite Loop.üöÄ"
2025-08-07,"And here we go as aapl opened up, just shy of 220 and immediately nosedived into the 216s",Super. I would love to know the true sentiment of institutional investors because it just can‚Äôt be good.
2025-08-07,$AAPL: $100B HEADLINE or HISTORIC BULL RUN?,"Tim Cook + Trump + Tariff Exemption =  Sentiment surge + $150B added to market cap in a day.  
  
Community is ULTRA BULLISH ‚Äî  
 Share buybacks  
 Domestic manufacturing hype  
 Massive call volume & gamma fuel  


But  
  
Is this the breakout before $300 or a classic sell-the-news setup?

$NVDA $MSFT $META $AMZN $ALAB $AIFU "
2025-08-07,AAPL after hours üìà,"Let‚Äôs see if this holds through tomorrow, but at least for now, we can see how worried investors have been about tariffs this year."
2025-08-06,1402 shares,Always have been a firm believer. Plus 200k in gains. Patience is key. 
2025-08-06,Hold or Sell?,"I have thousands of AAPL shares, most of them purchased between 2006-2012. As a result, my basis is really low, my overall gains are phenomenal, but now I'm stuck with \~50% of my portfolio being AAPL, and small swings in their stock have a strong effect on my portfolio. What would you do if you were me?

A part of me wants to hold my shares as long as I don't need the cash since my basis is so low. Even if their avg. annual return decreases to 7% I'd still be happy because that would be a lot of cash growth for me. 

Another side of me is getting spooked by their recent stock performance and all the negative sentiment that I've been reading, making me question if I'm better off selling. It felt amazing when AAPL hit an all time high in December, but seeing it sink 18% since then is spooking me."
2025-08-06,Does Trump hate Tim or something?,
2025-08-05,I think I'm an investor now AAPL,
2025-08-04,Just when we were starting to rally this clown drops yet another tariff threat on India,
2025-08-04,Someone's missing the boat...,"$META investments in AI: $70B in 2025, $99B in 2026

$AMZN investments (mostly in AI) in 2025: $120B

$GOOGL investments in AI in 2025: $85B

$AAPL? $204B ... on buybacks for 2024 & 2025.

AI Stocks to watch: $NVDA $MRVL $CRWV $AIFU"
2025-08-04,if i were AAPL CEO....,"I'd target the home 100%. 

Security...light switches....monitoring... all seamlessly integrated.. most don't do this stuff because it can be a real pain...

  
Make it simple... make it affordable and that would rally the stock..."
2025-08-03,Will Apple stock rally again?,
2025-08-02,Apple = Sony,"TV bad doing bad. But iPhone (console - Sony) doing well. They earn a lot of money but instrad of investing money in AI, they spend all profit to buy back stocks.

It's like you have all the money. But you don't invest it. You save it. Ans buy back stocks.


This could be the reason apple stock is doen. They do well. But all money they earn is not spent for investment. They only buy back stovks. Nothing else.

So their PE is way too high.

Why they don't invest in AI???"
2025-08-02,Done with options. Put my last $79k to my name in Apple shares.,
2025-08-01,whys it back to $205,i thought aapl beat earnings yesterday and was at $212
2025-07-31,I remember when AAPL behaved like MSFT and NVDA.....those were the times....,"Late stage dying company ...

not literally dying but in terms of the love of investors it is DEAD......

[https://imgflip.com/i/a1tsxv](https://imgflip.com/i/a1tsxv)"
2025-07-31,Apple stock price expectations,How much do you expect the Apple share price would be after the earnings? 
2025-07-31,Is anyone giving thought to reducing their longterm holdings?," I have sold all my calls and short term holdings-leveraged rtfs.  But I have a large part of my money in Apple stock.  With the gains in FB, MSFT and NVDA, I am thinking it is time to move on.  I like some of Apple's products but find many things ""unJobs"" like.  The OS for the phone is just clutter squared.  The on off button which was the most useful thing on the phone is gone and replaced with a deep dive into various screens.  ""Focus"" has take over a large part of the screen for what?  Screen is so touch sensitive it is always morphing into something els\\e.  Ever mute the phone with your cheek?  Tech support has sadly underperformed for me.  I  lost all my books from all devices-books I paid for and have never gotten them back.  Apple sends meaning less emails like check this file or that.  The books were lost.  I should get them back.  etc.. I think growth  in the software-chip space might be worth atleast a consideration?  The semi fabricators like ASML and LAM are good values.  The ASML CEO is new and shot himself and his company in the foot with his wining about tariffs.  Notice how all the companies that wine about trump and his tariffs drop rapidly after earning while those who focus on their own growth zoom. This is a sea change worth noting.  ASML may take a while to come back but it is a value here just like BRK.  Anyway just my thought.  I have half my booty in apple, maybe too much."
2025-07-31,"[Question] How do we think AAPL earnings will play out? From what I've seen online stock sentiment is bearish across reddit, X, and stocktwits",I think he'll continue to buy and hold. However sure not everyone feels the same. What's your gameplan?
2025-07-25,any idea what happened towards end of day today? so much drop,
2025-07-23,Are we worried?,"Are we worried Warren Buffett just sold his majority share in aapl?

What do they know that we don‚Äôt? Besides everything. "
2025-07-22,App Store revenue surges in US,"From seeking alpha. Reddit wouldn‚Äôt let me post the link

Revenue from Apple's (NASDAQ:AAPL) App Store has accelerated month to date in July, especially in the U.S. and is showing no negative effects so far from the Epic Games v. Apple ruling, according to Morgan Stanley.

U.S. App Store revenue has surged 12.5% year over year over the first 20 days of July, according to Morgan Stanley, citing data from Sensor Tower. This followed 11.5% year-over-year growth in June. Meanwhile, App Store revenue in China is up 7.1% year over year, but down 1.9% in Japan. It's up 21% year over year in the rest of the world.

""If the September quarter ended on July 20th, App Store net revenue would be growing 12.6% Y/Y, tracking 210bps above our +11.0% Y/Y forecast, and translating to 60bps of upside (or ~$160M) to our September-quarter Services growth forecast of 11.7% Y/Y (vs. Consensus estimate of +10.8% Y/Y), all else equal,"" said Morgan Stanley analysts, led by Erik Woodring, in a Tuesday note.

What's more, the investment firm finds that App Store revenue continues to increase despite the recent ruling from the Epic Games v. Apple suit.

""After more than two months since the Apple vs. Epic injunction, we still have not seen meaningful impact on Apple's ability to monetize the US App Store, despite the link-out risk,"" Woodring said.

Apple is slated to release its third quarter fiscal 2025 financial results on July 31. A consensus estimate calls for earnings per share of $1.43 on revenue of $88.89B."
2025-07-22,"With Buffet removing his aapl shares, and appl sales going down, what is your take on this and why ?",
2025-07-22,Apple Retail arrives in the Kingdom of Saudi Arabia with launch of the Apple Store online,
2025-07-20,Is it smart to sell $1K of Bitcoin and buy Apple stock instead?,"As per post title, tx in advance "
2025-07-20,$AAPL looks like a ticking bomb here.,
2025-07-19,Apple should by the Colbert Show,
2025-07-18,"Apple lagging in AI, but foldable iPhone coming to the rescue?","Everyone's been saying Apple is falling behind in AI. Siri's still a joke while competitors ship ChatGPT-level features. Analysts openly flag Apple's ""slow progress in AI"" and warn about ""real threats from other tech players.""

But Apple might drop a foldable iPhone in 2026. Reports suggest an ""iPhone Fold"" at $1,800-2,000‚Äîthe priciest iPhone ever.

We've seen this movie before. Apple enters late, executes better. iPod wasn't first. iPhone wasn't first. Apple Watch wasn't first.

Current price: $211. Analyst consensus: $232-233. Bull case: $294. Bear case: $173. Despite AI concerns, 66% of analysts still rate it a Buy.

The AI lag is real. But a foldable iPhone could flip sentiment overnight while they quietly work on whatever they're really building.

Is Apple actually falling behind, or are we watching the same playbook unfold? Will the foldable distract from the AI gap, or is this time different?"
2025-07-17,What AAPL needs now..,Give some pills to rotten AAPL to keep its gains.
2025-07-16,Will this make me a million? I have no doubt in my mind Apple is going to never reach $220 again.,
2025-07-15,Apple expands U.S. supply chain with $500 million commitment to American rare earth magnets,
2025-07-13,$AAPL shows why we buy quality names off the 200-week SMA.,
2025-07-12,Stock split ?,
2025-07-11,Sip & Sell,"Time to hold on capital. 

Institutions seem to be unwinding a position in AAPL suggested by multi million share transactions on the TRF tape overnight. 

**Technical nonsense:**
Short duration SMA crossing over EMA on the 1H. $212.50 has been a difficult resistance level. Upcoming earnings are going to drive IV in the options market. It‚Äôs gonna be expensive to gamble. 

**Speculation:**
Bloomberg‚Äôs opinion piece on Tim Apple got picked up by everyone. COO, Jeff Apple, stepping down even though announced earlier makes a nice timeline to spook people about uncertainty in the ranks. Uncertainty = üìâ. Earnings don‚Äôt look super impressive and no reason to be excited given the AI failure. What was it last year? T-Bill and chill? Expecting AAPL to push back down to $202.50 before years end. If I‚Äôm right I‚Äôll buy in slowly and wait to see if $197.50 looks good. Other markets look to offer better returns as the TACO trade unwinds. 

*See y‚Äôall in the fall.*
"
2025-07-10,Today‚Äôs trading AAPL Apple Inc 7/09/25,
2025-07-09,Bloomberg: AI startup hardware could replace iPhone,
2025-07-09,Apple targets a potential $100 billion cloud market taking aim at aws,
2025-07-08,AAPL is down today as a Trump advisor criticizes the company for slow production shifts away from China amid tariff concerns,"¬†Apple is taking a hit today as investors react to fresh concerns over its slow pivot away from Chinese manufacturing. With the U.S. floating new tariffs and trade advisors openly criticizing the company‚Äôs sluggish relocation strategy, fears of future supply chain snags are back on the table.

It‚Äôs not just China in the crosshairs either, there‚Äôs growing talk of tariffs hitting Japan and South Korea too, which could further complicate Apple‚Äôs operations and squeeze margins.

Hard to ignore how geopolitics are starting to weigh on big tech again. Anyone adjusting their positions or just riding it out?"
2025-07-07,"Best month of the year, right after a quarter of underperformance‚Ä¶ Are the stars finally aligning for $AAPL?",
2025-07-02,Who doesn't love some freshly squeezed $AAPL juice?üßÉ,
2025-07-02,Daily chat creation,"Fellas, as we know, for other popular tickers like NVDA, PLTR, SMCI, etc., we have an auto-generated daily chat for people to share news, discuss the price action, and so on. I know that AAPL doesn't show a lot of movement daily, but it'd be great if we could have a daily chat here as well to learn from experienced traders and investors. "
2025-07-02,Leaked info that Apple is planning on introducing a flip phone next year,"Translated: 
Apple (Apple) supply chain sources revealed:
In June, Apple began the prototype phase (P1 ‚Äì Prototype 1) of the foldable iPhone. It is expected that the prototype development process will be completed by the end of 2025, after which it will enter the EVT (Engineering Verification Test) phase. According to this timeline, the foldable iPhone is likely to be launched in the second half of 2026.

Supply chain sources also stated that Apple‚Äôs original new product planning included not only a foldable iPhone but also a larger foldable iPad.

As of now, it is expected that the foldable iPhone will be launched first, while the foldable iPad is temporarily shelved. The delay is reportedly due to difficulties in component production (such as display panels), high estimated prices, and potentially low market acceptance.

There have been many rumors about a foldable iPhone in the past, but they have all remained in the ‚Äúrumor-only‚Äù stage. Now that almost all Android brands have already released foldable phones, Apple‚Äôs supply chain has finally been activated.

Industry insiders revealed that this product has already been in development for more than 5 years, with the number of design revisions exceeding double digits. Suppliers had remained cautious, but now finally believe it has a ‚Äúreal chance‚Äù to reach the market."
2025-07-01,Update on my options,I did sell $1500 work at the peak today to lock in most of what I put in. Turned around and invested that into more close dated options because I think this stock flys this week. 
2025-06-30,The best&worst performing stocks in the S&P 500 this year...,
2025-06-29,I‚Äôm all in on AAPL calls,"AAPL - P/E is trading way under their norm, they are the worse performing MAG7 this year and usually when the stars align, you go all in on the worst MAG7 because they eventually rebound. They only have upside, as I am confident that there will be a tariff relief rally, and their Foundations Models Framework presented at WDC25 is the true game changer. While everyone was crapping on AAPL for their Liquid Glass Interface (which is an optional setting), the herd totally missed the real play here - Foundations Models is like electricity for AI. You don't build a power plant to run your business‚Äîyou just plug into the grid - Apple just became the grid for AI developers. In other words, with developers now having enterprise-AI within the apple ecosystem, then apps will become so much more enhanced because they will be ingrained in daily life. Every intelligent iOS app becomes a reason why users won't switch. And it's worth way more than any AI subscription would be. As usual Apple is late to the party. But, First to win!"
2025-06-29,Growth Opportunities!?,"Guys, let‚Äòs just have a relaxed coffee and speculate about new growth opportunities for Apple.
I‚Äòm invested in Apple since 2019 and since then I‚Äòm speculating in my head what could Apple do to start the next huge growth story‚Ä¶i went from 
- ‚ÄûOmg Apple Car is going to be huge‚Äú, to 
- ‚ÄûOmg Apple Glasses are going to be huge‚Äú, to:
- ‚ÄûAI is obviously the next big thing  -  I didn‚Äòt even know that this kind of tech exist‚Äú

So what could Apple do to path the way to 4/5/6tn market cap?

My takes:
- expanding services like ‚ÄûApple Connect +‚Äú with Globalstar. Sat Connect data and cell packages (Short on Tmobile!)
- buying a new company for ‚Äûnot-organic-growth‚Äú
- selling their M-series chips to customers (i don‚Äòt really think that they would do this)


"
2025-06-29,Cramer Says Apple isn't doing anything so that's great news for the stock!,"[https://www.youtube.com/watch?v=oY3Swm5f5fQ](https://www.youtube.com/watch?v=oY3Swm5f5fQ) He's always wrong so that's great news for the stock! 

Update. Pops to 207, inverse Cramer always wins! "
2025-06-29,"Chat, am I cooked ?",50 $220 7/25 call options üòÖ
2025-06-28,APPL for a new investor,"Hi, I am a fairly new investor which considering buying APPL. I started investing by ETF's a few months age and decide to continue until I start to understand the concepts behind investing and how to approach. Now, I am considering start to add APPL to my portfolio because all mag7 performs well while APPL is inconsistent for a while. Is the value of stock below it's fair value? I don't want to buy stocks like NVDA with FOMO so I want to learn more about APPL. "
2025-06-28,Rest of the Market is Cooking.. .and AAPL is flatlining.....,"Enough already... time for a shakeup...... 

https://preview.redd.it/wfl4rue8ik9f1.png?width=1406&format=png&auto=webp&s=7735e772c320916608a02c30fa0019a996a33f5e

"
2025-06-27,Bullish on AAPL to $212.50,"With the dollar declining and US/China tariffs soon to reach *The Great New Deal ‚Äò25* edition my expectation on Apple to reach back into $212.50-222. $237-250 into mid 2026. 

Keeping an eye out for increased buyback approval from the board. 

[View Poll](https://www.reddit.com/poll/1llt4gd)"
2025-06-26,Consensus PT is all across the board but I am having some FOMO (fear of missing out),"For context I am long AAPL as in my cost basis is $40.12 a share.  I took a portion of profits before the new year and added some NVDA it has increased 23% to my AAPL since the same date is -8%.  
Going into 2025 I hoped to see AAPL back to $220/240 and maybe $260 by 2026, but based on this year and Trump targeting their iPhone production and tariffs I don‚Äôt know if that‚Äôs reasonable.
Any one have any good resources for AAPL specific research or analysts that seem to do well reading AAPL and predicting their near term or long term results?
Honestly looking to make a better decision than just, ‚Äúwell they have got me this far‚Ä¶‚Äù which is where I am at."
2025-06-26,Apple should spend money to buy innovations ASAP‚Ä¶,"Post earnings call, every time I look at the report, business fundamentals are good. That‚Äôs not the problem. Even China revenue dipped by only a tiny bit.

The problem is that Wall St. starting to think that their execs are boomers who don‚Äôt get new technology. They are stingy to a fault. They really should spend money to buy some companies even if their profits are not there yet. Money should be no object.

If they buy Rivian and Enphase, it will send signals that they are ready to eat the electrification market share. It will also send signals that they are ready to eat the car market share. Something that is core to American lifestyle.

If they buy Antrophic, it will send signals that they take AI seriously and ready for the next decade of growth.

To balance the buying, Apple should also make their chips datacenter ready. They have all the ingredients to compete B2B with Nvidia. Container/VM story is there. Spend the extra engineering effort to optimize their GPU for Containerized Linux. Bam. That‚Äôs it.

Apple needs a growth story, not fundamentals. Through new SKUs. Mac and iPad will never break double digit billion per quarter."
2025-06-26,So you‚Äôre telling me there‚Äôs a chance,
2025-06-25,Apple may acquire Perplexity for $14 billion? Thought?,"
1. Perplexity is reportedly valued at $14 billion ‚Äî if the deal goes through, it would be Apple's largest acquisition ever, nearly 4.7 times its previous record: the $3 billion Beats acquisition.

2. Beats currently holds the top spot at $3 billion, followed by HopStop at $110 million, and Intel‚Äôs modem business at $100 million. Most other Apple acquisitions have been below $110 million, making the potential Perplexity deal unprecedented in scale.

3. The move signals Apple‚Äôs intensified push into AI, aiming to acquire cutting-edge technology and key talent through high-stakes M&A.

4. While such a high-premium deal comes with integration risks, it could significantly accelerate Apple‚Äôs development of a robust AI ecosystem.

Sources: Media reports, CBInsights

Besides AAPL that could probably steal the thunder, tickers like RGC, BLNE and MAAS also worth noting in the recent stock market."
2025-06-25,Panic AI is Setting in...of you could say Perplexing.....,"So it looks like the Mighty Apple is panicking and knows it is WAY behind in the AI race..

I mean this is Apple and other than the actual release of the iPhone has been the Wait and See  and Copy company of America..... 

With the reported purchase of **Perplexity** AI it appears that they know they are outmatched and need to get things in order...... but that is probably years down the line to see a benefit....  
  
Lagging stock..... no new products... headset fail.....no apple innovation... etc etc etc"
2025-06-20,Bullish?,
2025-06-18,AAPL is down today as a U.S. court denies its request to dismiss an antitrust case regarding iCloud practices.,"Saw AAPL dip in the Roi App today after the news broke that a U.S. court denied their motion to dismiss the antitrust lawsuit tied to iCloud. Not a great look, especially with the broader tech space trying to shake off regulatory heat.

What‚Äôs interesting is that while their core products remain strong, these legal challenges are starting to pile up, and it feels like investor sentiment is getting more cautious. Some analysts are still bullish, but you can tell the mood is shifting a bit.

Anyone else holding long here? Are you buying the dip, or waiting to see how this unfolds legally?"
2025-06-18,Bought more AAPL stock today,The entire market seems to be all doom and gloom on this stock but I feel bullish on it. Anyone else buying more?
2025-06-16,AAPL technical analysis: $193 is the critical support level - here's my options strategy,"AAPL is sitting at one of the most critical technical junctures we've seen this year. The $193 level has been tested multiple times and represents strong institutional buying interest. A break below could trigger algorithmic selling, potentially sending AAPL back to April lows around $164-169. Volume analysis shows significant accumulation around this zone, which gives me confidence in this support level.

If $193 holds firm, I'm looking at upside targets of $205-207 for the first resistance (previous consolidation zone), with a major target at $220-225 representing the all-time high retracement. In the ultimate bull case scenario, we could see new ATH above $237.

AAPL has indeed lagged the ""Magnificent 7"" recently, but this creates an interesting asymmetric opportunity. The market's perception of ""lack of innovation"" may be overblown - remember, Apple's strength has always been in execution and ecosystem integration, not just flashy announcements. Key fundamental catalysts to watch include iPhone 16 sales data with AI integration driving upgrades, services revenue growth from their highest margin segment, China market recovery signals, and potential new product categories.

Given this technical setup, I'm using a strategic put-selling approach around the $193 level. Using Tiger Options' advanced analysis tools, I can precisely calculate the risk/reward for my sell put strategy. If I'm bullish long-term but want to potentially acquire shares at a discount, this approach makes sense. The platform's P&L analysis feature helps me visualize exactly how much premium I collect versus potential assignment risk, while the Greek analysis shows how Delta and Theta calculations work in my favor through time decay.

The real-time options chain on Tiger Options makes it easy to spot optimal strike prices and expiration dates that align with my $193 thesis. I particularly appreciate the IV screening feature, which helps me identify options with attractive implied volatility levels for selling premium.

Despite short-term volatility, Apple's track record of reinvention speaks for itself. From iPod to iPhone to iPad to Services to Wearables, each transition initially faced skepticism, but long-term shareholders have been consistently rewarded. My base case remains that $193 holds, leading to a strong bounce toward ATH retracement. The delayed rotation into AAPL could actually work in our favor as institutional money seeks value in quality names.

Whether using options strategies or direct equity positions, always size positions appropriately, have clear exit plans for both scenarios, and consider using stop-losses below key technical levels. The beauty of using Tiger Options is that I can practice these strategies risk-free with their $1M virtual portfolio before committing real capital.


What's your take on AAPL's current setup? Are you seeing the same technical signals around $193?
"
2025-06-16,"$AAPL If you are Apple and you are raking in the profits from your iPhone sales, you can make a lot of those profits just disappear from your taxable income,‚Äù said Alexander Arnon, a senior policy analyst at the University of Pennsylvania‚Äôs Wharton School budget model team.","The Irish government opened the country‚Äôs doors to multinational corporations following an economic crisis that unfurled through the 1980s. Unemployment in the country spiked and a wave of migration followed. 

  
AAPL, MSFT, AMZN, NVDA, AVGO, and BGM may benefit from continued global tax optimization strategies and multinational-friendly jurisdictions that support tech and innovation-driven growth.

‚ÄúThat was clearly a driver of the tax strategy to make it even more attractive in the ‚Äô90s. It helped that Ireland became part of the EU,‚Äù said Kevin Kent, transatlantic practice chair at law firm Clark Hill."
2025-06-12,Love to see hate on new design,People hating on new designs would still prefer flashing banner on webpages. üòÇ Apple redesigns for new generations and people are always resistant to change but then end up liking the new look. I‚Äôm looking forward to it. Kinda get tired of the same thing in perpetuity. 
2025-06-11,Aapl down -3% in 1 year. finally the day has come of Aapl being red after 1 year,
2025-06-11,"How come when AAPL is ripping, the trolls are nowhere to be found on this sub?",Just wondering. Seems like they only have confidence and conviction in their miserable outlook when AAPL is actively struggling. Just remember some of the names of the negative people who have invaded this subreddit when AAPL is ripping again. They‚Äôll be nowhere to be found. Keep trolling ‚Äî I‚Äôm sure AAPL will hit $100 soon enough if you keep being miserable enough.
2025-06-11,"June 11, 2025 Pre-Market Technical Outlook & Trade Plan","**GOOGL**  
‚Äì Overall uptrend intact; look for continued upside in the short term. Next near-term target: $188.

https://preview.redd.it/s4umxlz8ta6f1.png?width=4256&format=png&auto=webp&s=8f9d53aa05d90dadfbb8dde8bbb1a5c6ceca8568

**MSTR**  
‚Äì Trend hasn‚Äôt broken down. You can start nibbling around $380 if it dips below $400.

https://preview.redd.it/6g3m8hn9ta6f1.png?width=4288&format=png&auto=webp&s=1fc4383956b82d427a4a542b6e59a858f2518537

**BGM**  
‚Äì Yesterday‚Äôs KDJ golden cross broke the declining trendline on heavy volume. This looks like the kickoff of a new leg higher‚Äîexpect a push toward $20 today.

https://preview.redd.it/3ixb6buata6f1.png?width=4272&format=png&auto=webp&s=166f08d01016f18ee9047471997c53acfa07e459

**AAPL**  
‚Äì Apple‚Äôs events usually spike price then reverse. AI rollout hasn‚Äôt wowed yet, but that‚Äôs already priced in. Consider adding under $200. Note that AAPL often lags or leads other names‚Äîstudy the historical candles for timing.

**HOOD**  
‚Äì Sitting on the sidelines until it holds support. Long-term setup still looks constructive.

**CRCL**¬†(Circle)  
‚Äì Key catalyst: stablecoin legislation. Take partial profits on any short-term pop and wait for a fresh entry."
2025-06-10,Apple's AI lag - opportunity or trap at $200?,"Apple's not perfect, but let's be real‚Äîit's still a cash cow with insane brand power. AI might be lagging, but I'm betting long.

Yes, Apple is behind in the AI race. While Google and Microsoft are making headlines with ChatGPT integrations and AI-first strategies, Apple's approach feels... cautious. Maybe too cautious. But here's what the market might be missing: when Apple does roll out AI features, they'll be deeply integrated across the ecosystem. Think Siri 2.0 that actually works, seamless AI photo editing, and predictive text that doesn't suck. Their privacy-first approach could be a differentiator in AI, especially as regulatory scrutiny increases. While others rush to collect data, Apple's on-device processing could become the gold standard.

That $165B+ cash position gives them flexibility to acquire or develop AI capabilities quickly. They've done this playbook before‚Äîremember when they were ""late"" to streaming with Apple TV+? The upcoming WWDC could be make-or-break for sentiment. If they announce meaningful AI integrations in iOS 26 or surprise us with AR/AI crossover features, we could see a quick sentiment shift. Historical patterns show Apple often rises before keynotes, then faces the ""sell the news"" pressure.

But if it's just incremental updates and more Memoji features, the AI narrative weakness continues. The risk is real‚Äîthree consecutive months of decline suggest sustained bearish sentiment isn't just about broader markets.

At current levels, the risk-reward looks decent for patient investors. Being the worst performer in Mag 7 often sets up comeback stories, but timing matters. I spotted this potential entry point last week but my main trading capital was still tied up in other positions. Ended up using my Tiger CBA account to grab some shares around $201‚Äîsometimes you can't wait for perfect timing when the setup looks right. The interest-free period gives me breathing room to see how WWDC plays out without the pressure of immediate settlement.

Apple's P/E ratio still isn't screaming ""bargain,"" and macroeconomic headwinds could keep pressure on regardless of AI progress. Consumer spending on premium devices faces real challenges, and even great WWDC announcements might not translate to immediate revenue. But here's the thing‚ÄîApple rarely stays down for long. Their execution ability has consistently turned skeptics into believers. The question isn't whether they'll figure out AI, but when.

Apple might be late to AI, but they're rarely late to profits. At $200, I'm willing to bet on their execution ability over their innovation speed. Sometimes the best opportunities come when everyone's writing the obituary.

What's your take on Apple's AI strategy? Too little, too late, or strategic patience paying off?"
2025-06-10,Who else is about to install this buggy ass iOS beta?,Stock To Watch Today: $AAPL $META $GOOG $MSFT $NVDA $TSLA $PLTR $BGM $IONQ $APLD $CRWV 
2025-06-10,Sold.,"It's been real. Bought goog for the long haul.
Peace out bag holders.
"
2025-06-08,NVDA did it so will AAPL,"Very interesting positioning into next week. 
$SPY closed the week right at $600 psychological level, a clean breakout spot.

$AAPL Closed above the apex of the months long triangle wedge = technical breakout 

If WWDC delivers real AI substance, Apple could begin to outperform the market even lead SPY to new highs

Breakdown: why retesting or getting near the upper wedge ($230 area) is critical:

‚∏ª

The Significance of the Upper Descending Broadening Wedge

1. Multiple Touch = Valid Trendline
	‚Ä¢	Apple‚Äôs upper wedge line has 2+ major rejection points (circled), confirming its validity.
	‚Ä¢	A third or fourth touch, especially after a breakout from a tighter wedge, is textbook price behavior ‚Äî the market respects these levels before it decides.

2. $230 is a Psychological & Technical Target
	‚Ä¢	It aligns with the measured move of the triangle breakout.
	‚Ä¢	Also acts as a ‚Äúmagnet‚Äù zone where sellers previously controlled, and where institutions may want to re-evaluate risk.

3. NVDA = Patience Before Explosion
	‚Ä¢	NVDA‚Äôs price knocked on the wedge ceiling 3x (Jan 7, Jan 24, Feb 18), just like Apple is lining up to do.
	‚Ä¢	Only after testing it enough ‚Äî and building higher lows beneath it ‚Äî did NVDA explode above.
	‚Ä¢	Once it cleared the wedge, NVDA never looked back, running over 100% in months."
2025-06-07,Apple stock is set up to be a long term loser,
2025-06-04,"AAPL holding strong at $200 support, my favorite big tech play right now","Among all the big tech stocks in my portfolio, $AAPL remains my personal favorite. Sure, it doesn't offer a high dividend yield, but the stability in price movement is what keeps me coming back.
I've been relatively quiet with trading in April and May, but looking back at my transaction history, I noticed I made several sales in the $206-213 range. Based on this pattern, I'm planning my next exit strategy around the $207 mark.

What's interesting is that Apple is the only major tech company that hasn't approached its 200-day moving average and has been somewhat left out of the broader market rally. But here's the thing about Apple - it has this uncanny ability to bounce back when you least expect it. Sometimes when everyone gets tired and starts selling, that's exactly when AAPL decides to moon.
I learned this lesson the hard way last year when I got impatient and sold too early, only to watch it surge afterward. That's a mistake I won't make again.

The $200 level is proving to be solid support, and the back-and-forth action between bulls and bears over the past two months has actually been pretty entertaining to watch.

For those looking to get into AAPL or any other stocks, I've been using Tiger Brokers lately - their platform makes it easy to track these support levels with clean charts and real-time data. Plus, you can start with fractional shares from just $1, which is perfect for building positions gradually around key levels like this $200 support.

Anyone else eyeing this support level for an entry point?
"
2025-06-02,Opening trades $AAPL Apple Inc 6/02/25 8:00am Pacific,
